customer_id,recency,frequency,monetary,avg_ticket,cluster,segment
1,40,2,323.52,161.76,0,Potencial
2,30,8,2043.46,255.43,0,Potencial
3,16,38,27878.96,733.66,1,VIP
4,46,8,876.5,109.56,0,Potencial
5,20,4,565.56,141.39,0,Potencial
6,16,26,19883.16,764.74,1,VIP
7,15,2,504.3,252.15,0,Potencial
8,22,14,3837.75,274.13,3,Recorrente
9,16,34,23895.62,702.81,1,VIP
10,18,5,901.1,180.22,0,Potencial
11,15,3,596.31,198.77,0,Potencial
12,17,41,29428.92,717.78,1,VIP
13,18,39,29014.52,743.96,1,VIP
14,20,15,3497.47,233.16,3,Recorrente
15,15,18,5313.71,295.21,3,Recorrente
16,18,10,1619.03,161.9,0,Potencial
17,29,2,272.23,136.12,0,Potencial
18,23,11,2762.64,251.15,3,Recorrente
19,15,37,27948.11,755.35,1,VIP
20,110,5,852.62,170.52,0,Potencial
21,15,23,16038.24,697.31,1,VIP
22,25,14,3520.27,251.45,3,Recorrente
23,36,7,1263.82,180.55,0,Potencial
24,16,20,16245.73,812.29,1,VIP
25,15,14,4256.24,304.02,3,Recorrente
26,17,15,3000.5,200.03,3,Recorrente
27,17,39,29409.42,754.09,1,VIP
28,37,1,127.01,127.01,0,Potencial
29,15,42,32805.95,781.09,1,VIP
30,16,16,4909.97,306.87,3,Recorrente
31,15,19,6083.35,320.18,3,Recorrente
32,34,2,383.11,191.56,0,Potencial
33,20,2,604.7,302.35,0,Potencial
34,17,16,3944.96,246.56,3,Recorrente
35,20,13,3659.84,281.53,3,Recorrente
36,27,2,432.72,216.36,0,Potencial
37,18,17,4788.36,281.67,3,Recorrente
38,22,3,664.53,221.51,0,Potencial
39,18,18,5449.09,302.73,3,Recorrente
40,25,24,18633.01,776.38,1,VIP
41,63,3,283.78,94.59,0,Potencial
42,23,12,3530.08,294.17,3,Recorrente
43,50,1,321.37,321.37,0,Potencial
44,21,5,928.39,185.68,0,Potencial
45,26,8,1828.48,228.56,0,Potencial
46,24,3,606.97,202.32,0,Potencial
47,94,4,512.84,128.21,0,Potencial
48,93,3,731.29,243.76,0,Potencial
49,17,28,21229.73,758.2,1,VIP
50,16,23,15833.73,688.42,1,VIP
51,15,4,497.5,124.38,0,Potencial
52,16,27,16719.98,619.26,1,VIP
53,32,16,4491.57,280.72,3,Recorrente
54,20,9,1466.32,162.92,0,Potencial
55,53,9,1619.01,179.89,0,Potencial
56,16,40,23698.78,592.47,1,VIP
57,62,6,776.87,129.48,0,Potencial
58,79,8,2074.79,259.35,0,Potencial
59,174,2,270.64,135.32,2,Em risco
60,22,20,5638.85,281.94,3,Recorrente
61,15,44,31556.05,717.18,1,VIP
62,15,45,33424.25,742.76,1,VIP
63,17,13,3311.79,254.75,3,Recorrente
64,15,45,33252.92,738.95,1,VIP
65,39,7,1179.2,168.46,0,Potencial
66,26,11,3152.95,286.63,3,Recorrente
67,18,30,23561.57,785.39,1,VIP
68,15,28,20199.63,721.42,1,VIP
69,15,36,27645.88,767.94,1,VIP
70,22,4,759.9,189.97,0,Potencial
71,15,28,20022.91,715.1,1,VIP
72,220,4,642.83,160.71,2,Em risco
73,61,3,412.87,137.62,0,Potencial
74,262,2,356.34,178.17,2,Em risco
75,27,14,4062.73,290.19,3,Recorrente
76,33,7,1276.03,182.29,0,Potencial
77,22,4,714.26,178.56,0,Potencial
78,21,34,25222.39,741.84,1,VIP
79,25,17,4852.1,285.42,3,Recorrente
80,22,9,1779.25,197.69,0,Potencial
81,60,2,418.0,209.0,0,Potencial
82,24,20,7044.09,352.2,3,Recorrente
83,16,4,758.4,189.6,0,Potencial
84,17,29,21242.33,732.49,1,VIP
85,295,4,907.36,226.84,2,Em risco
86,39,9,1324.71,147.19,0,Potencial
87,25,17,5123.39,301.38,3,Recorrente
88,83,8,1449.02,181.13,0,Potencial
89,23,10,2694.94,269.49,3,Recorrente
90,35,6,1056.49,176.08,0,Potencial
91,31,12,3505.85,292.15,3,Recorrente
92,18,9,2713.98,301.55,3,Recorrente
93,16,4,1074.64,268.66,0,Potencial
94,23,4,1052.15,263.04,0,Potencial
95,29,4,620.64,155.16,0,Potencial
96,119,2,399.15,199.57,2,Em risco
97,18,5,856.67,171.33,0,Potencial
98,219,4,634.47,158.62,2,Em risco
99,15,8,1784.37,223.05,0,Potencial
100,47,1,286.09,286.09,0,Potencial
101,19,22,15483.77,703.81,1,VIP
102,18,17,4176.42,245.67,3,Recorrente
103,22,17,4385.65,257.98,3,Recorrente
104,31,9,2155.07,239.45,0,Potencial
105,25,3,807.92,269.31,0,Potencial
106,38,18,4865.36,270.3,3,Recorrente
107,49,9,1437.25,159.69,0,Potencial
108,18,14,4169.33,297.81,3,Recorrente
109,35,2,233.45,116.72,0,Potencial
110,24,2,530.67,265.34,0,Potencial
111,56,9,1731.4,192.38,0,Potencial
112,23,3,664.18,221.39,0,Potencial
113,17,14,4349.44,310.67,3,Recorrente
114,23,3,682.23,227.41,0,Potencial
115,176,8,1140.61,142.58,2,Em risco
116,27,3,723.05,241.02,0,Potencial
117,19,1,289.52,289.52,0,Potencial
118,16,42,27540.64,655.73,1,VIP
119,17,28,19395.6,692.7,1,VIP
120,18,18,6344.1,352.45,3,Recorrente
121,28,9,1649.4,183.27,0,Potencial
122,21,3,685.53,228.51,0,Potencial
123,21,11,2973.73,270.34,3,Recorrente
124,108,10,1405.54,140.55,0,Potencial
125,59,16,5015.89,313.49,3,Recorrente
126,78,3,426.13,142.04,0,Potencial
127,36,9,1373.24,152.58,0,Potencial
128,95,6,1143.63,190.61,0,Potencial
129,23,1,319.26,319.26,0,Potencial
130,43,4,811.72,202.93,0,Potencial
131,23,6,1002.35,167.06,0,Potencial
132,24,12,2742.23,228.52,3,Recorrente
133,25,4,810.15,202.54,0,Potencial
134,95,10,1888.9,188.89,0,Potencial
135,152,8,1990.95,248.87,2,Em risco
136,46,1,329.06,329.06,0,Potencial
137,35,14,4106.15,293.3,3,Recorrente
138,49,1,271.08,271.08,0,Potencial
139,20,4,816.07,204.02,0,Potencial
140,15,43,30665.72,713.16,1,VIP
141,19,4,970.03,242.51,0,Potencial
142,18,20,14703.8,735.19,1,VIP
143,42,1,276.35,276.35,0,Potencial
144,236,5,638.36,127.67,2,Em risco
145,17,29,19238.34,663.39,1,VIP
146,15,18,4725.72,262.54,3,Recorrente
147,42,11,2911.82,264.71,3,Recorrente
148,20,13,3195.43,245.8,3,Recorrente
149,15,21,16240.26,773.35,1,VIP
150,21,2,364.72,182.36,0,Potencial
151,29,14,3903.25,278.8,3,Recorrente
152,30,12,3413.28,284.44,3,Recorrente
153,16,39,29080.37,745.65,1,VIP
154,40,9,2082.4,231.38,0,Potencial
155,15,17,4754.87,279.7,3,Recorrente
156,19,10,1931.56,193.16,3,Recorrente
157,20,18,4834.49,268.58,3,Recorrente
158,32,2,420.6,210.3,0,Potencial
159,16,37,28341.67,765.99,1,VIP
160,25,26,17582.8,676.26,1,VIP
161,16,31,19135.76,617.28,1,VIP
162,21,9,1668.09,185.34,0,Potencial
163,41,1,249.51,249.51,0,Potencial
164,18,35,29051.67,830.05,1,VIP
165,16,18,4605.76,255.88,3,Recorrente
166,75,6,886.22,147.7,0,Potencial
167,103,8,1732.16,216.52,0,Potencial
168,155,2,528.27,264.13,2,Em risco
169,254,2,546.87,273.44,2,Em risco
170,15,40,28577.22,714.43,1,VIP
171,160,7,1532.16,218.88,2,Em risco
172,39,12,2845.41,237.12,3,Recorrente
173,23,11,2800.39,254.58,3,Recorrente
174,17,4,566.34,141.59,0,Potencial
175,21,35,28463.82,813.25,1,VIP
176,74,4,602.0,150.5,0,Potencial
177,19,10,2347.29,234.73,3,Recorrente
178,27,18,5028.3,279.35,3,Recorrente
179,38,9,2344.91,260.55,0,Potencial
180,43,1,87.27,87.27,0,Potencial
181,54,12,4593.15,382.76,3,Recorrente
182,28,14,3956.27,282.59,3,Recorrente
183,171,2,316.38,158.19,2,Em risco
184,27,1,335.59,335.59,0,Potencial
185,17,3,530.81,176.94,0,Potencial
186,26,3,563.04,187.68,0,Potencial
187,20,5,494.42,98.88,0,Potencial
188,15,36,25467.65,707.43,1,VIP
189,17,6,907.16,151.19,0,Potencial
190,35,8,1953.73,244.22,0,Potencial
191,226,3,401.91,133.97,2,Em risco
192,71,11,2609.5,237.23,0,Potencial
193,19,3,770.53,256.84,0,Potencial
194,33,16,3804.63,237.79,3,Recorrente
195,16,20,13004.45,650.22,1,VIP
196,57,10,1730.99,173.1,0,Potencial
197,16,11,2671.67,242.88,3,Recorrente
198,15,21,17250.51,821.45,1,VIP
199,30,10,2996.1,299.61,3,Recorrente
200,120,2,112.31,56.16,2,Em risco
201,15,17,4668.06,274.59,3,Recorrente
202,16,35,26945.74,769.88,1,VIP
203,243,2,331.59,165.8,2,Em risco
204,46,1,195.2,195.2,0,Potencial
205,19,15,3880.21,258.68,3,Recorrente
206,33,12,2937.33,244.78,3,Recorrente
207,15,23,15673.25,681.45,1,VIP
208,17,1,295.97,295.97,0,Potencial
209,15,35,25379.04,725.12,1,VIP
210,15,41,29721.54,724.92,1,VIP
211,18,3,736.41,245.47,0,Potencial
212,164,5,820.49,164.1,2,Em risco
213,19,5,1036.01,207.2,0,Potencial
214,19,5,1038.28,207.66,0,Potencial
215,36,1,132.97,132.97,0,Potencial
216,15,23,17990.21,782.18,1,VIP
217,16,37,28196.89,762.08,1,VIP
218,23,4,735.14,183.78,0,Potencial
219,53,6,887.59,147.93,0,Potencial
220,31,4,457.97,114.49,0,Potencial
221,17,4,840.42,210.1,0,Potencial
222,20,16,5191.55,324.47,3,Recorrente
223,17,41,30753.07,750.07,1,VIP
224,15,30,21470.23,715.67,1,VIP
225,31,6,1255.28,209.21,0,Potencial
226,148,8,1594.82,199.35,2,Em risco
227,18,4,787.28,196.82,0,Potencial
228,15,5,1024.8,204.96,0,Potencial
229,16,45,30645.04,681.0,1,VIP
230,15,41,30234.69,737.43,1,VIP
231,22,12,2947.81,245.65,3,Recorrente
232,17,38,26864.81,706.97,1,VIP
233,17,22,17828.58,810.39,1,VIP
234,20,4,895.16,223.79,0,Potencial
235,15,39,30107.48,771.99,1,VIP
236,19,19,5447.09,286.69,3,Recorrente
237,17,35,25283.02,722.37,1,VIP
238,17,1,161.81,161.81,0,Potencial
239,202,4,516.26,129.06,2,Em risco
240,92,6,980.81,163.47,0,Potencial
241,15,43,34823.09,809.84,1,VIP
242,15,36,27311.22,758.64,1,VIP
243,15,44,33501.48,761.4,1,VIP
244,23,15,4388.53,292.57,3,Recorrente
245,16,29,22555.58,777.78,1,VIP
246,15,42,31209.28,743.08,1,VIP
247,28,3,415.03,138.34,0,Potencial
248,35,10,2532.34,253.23,3,Recorrente
249,18,28,18435.38,658.41,1,VIP
250,152,3,509.19,169.73,2,Em risco
251,190,3,632.39,210.8,2,Em risco
252,28,8,1807.43,225.93,0,Potencial
253,38,1,272.75,272.75,0,Potencial
254,17,23,16190.69,703.94,1,VIP
255,18,4,972.5,243.13,0,Potencial
256,38,1,316.73,316.73,0,Potencial
257,21,8,1465.3,183.16,0,Potencial
258,45,2,312.72,156.36,0,Potencial
259,21,2,258.71,129.35,0,Potencial
260,17,8,2072.11,259.01,3,Recorrente
261,100,4,623.08,155.77,0,Potencial
262,16,43,32941.12,766.07,1,VIP
263,18,10,2923.11,292.31,3,Recorrente
264,20,14,3699.4,264.24,3,Recorrente
265,22,19,5521.25,290.59,3,Recorrente
266,21,24,15733.11,655.55,1,VIP
267,19,4,990.55,247.64,0,Potencial
268,22,23,16480.34,716.54,1,VIP
269,20,1,228.64,228.64,0,Potencial
270,15,40,29953.36,748.83,1,VIP
271,17,17,4494.85,264.4,3,Recorrente
272,41,7,1083.28,154.75,0,Potencial
273,29,9,2481.66,275.74,3,Recorrente
274,67,9,1756.58,195.18,0,Potencial
275,15,38,25685.5,675.93,1,VIP
276,16,36,26866.15,746.28,1,VIP
277,174,5,678.25,135.65,2,Em risco
278,43,11,2968.77,269.89,3,Recorrente
279,35,8,1312.25,164.03,0,Potencial
280,82,2,456.14,228.07,0,Potencial
281,35,1,293.02,293.02,0,Potencial
282,22,14,4754.95,339.64,3,Recorrente
283,19,9,2866.26,318.47,3,Recorrente
284,42,8,2266.74,283.34,0,Potencial
285,24,16,5720.82,357.55,3,Recorrente
286,21,14,4352.22,310.87,3,Recorrente
287,23,3,501.78,167.26,0,Potencial
288,35,14,3893.52,278.11,3,Recorrente
289,85,6,971.73,161.96,0,Potencial
290,49,6,691.87,115.31,0,Potencial
291,16,10,1393.35,139.33,0,Potencial
292,20,1,261.14,261.14,0,Potencial
293,61,7,933.14,133.31,0,Potencial
294,35,10,1773.86,177.39,0,Potencial
295,143,9,1508.81,167.65,2,Em risco
296,16,20,5992.37,299.62,3,Recorrente
297,26,1,90.36,90.36,0,Potencial
298,22,12,3770.05,314.17,3,Recorrente
299,114,2,471.82,235.91,2,Em risco
300,17,45,33518.71,744.86,1,VIP
